ID,City,Country
3632308,Merida,VE
1280737,Lhasa,CN
1784658,Zhengzhou,CN
2410048,Bo,SL
204318,Wamba,CD
5423573,Grand Junction,US
1513900,Iskandar,UZ
3486270,Anaco,VE
1562820,Viet Tri,VN
336372,Giyon,ET
1257542,Sambalpur,IN
1258342,Ratlam,IN
1877615,Haeju,KP
2643743,London,GB
3363094,Paarl,ZA
703845,Kryvyy Rih,UA
1259229,Pune,IN
3531673,Cancun,MX
2892518,Kassel,DE
2842647,Saarbrucken,DE
3081368,Wroclaw,PL
588409,Tallinn,EE
2655603,Birmingham,GB
1273294,Delhi,IN
509820,Petrozavodsk,RU
491687,Smolensk,RU
472045,Voronezh,RU
456172,Riga,LV
515012,Orel,RU
1609350,Bangkok,TH
1168197,Peshawar,PK
667268,Sibiu,RO
498698,Saransk,RU
1679432,Zamboanga,PH
1151933,Nakhon Si Thammarat,TH
2419533,Kindia,GN
3668605,Santa Marta,CO
2521886,Almeria,ES
298333,Sanliurfa,TR
3111108,Salamanca,ES
1497337,Norilsk,RU
553287,Kamyshin,RU
946877,Uitenhage,ZA
2507480,Algiers,DZ
946058,Umtata,ZA
3911925,La Paz,BO
2158177,Melbourne,AU
2178174,Albury,AU
2128815,Obihiro,JP
1858296,Kure,JP
2128574,Otaru,JP
1276533,Belgaum,IN
1269920,Hubli,IN
1259385,Port Blair,IN
3024635,Clermont-Ferrand,FR
3003603,Le Mans,FR
255683,Patra,GR
2655984,Belfast,GB
6141256,Saskatoon,CA
6141190,Sarnia,CA
4006702,Ensenada,MX
3998655,Leon,MX
3995523,Monclova,MX
3988214,Salamanca,MX
3981254,Torreon,MX
4012176,Culiacan,MX
2895992,Ingolstadt,DE
2929670,Erfurt,DE
2895044,Jena,DE
2944368,Bremerhaven,DE
2844588,Rostock,DE
113646,Tabriz,IR
1159301,Zahedan,IR
1113217,Zabol,IR
140380,Bojnurd,IR
2747891,Rotterdam,NL
2755251,Groningen,NL
2512989,Palma,ES
2520600,Cadiz,ES
3118150,Logrono,ES
3874960,Puerto Montt,CL
3870294,Talca,CL
3893894,Concepcion,CL
1636884,Magelang,ID
1629001,Samarinda,ID
1626542,Sorong,ID
1185056,Abbottabad,PK
901344,Ndola,ZM
53654,Mogadishu,SO
2472706,Bizerte,TN
311046,Izmir,TR
299817,Tarsus,TR
5128581,New York,US
1562798,Vinh,VN
3183875,Tirana,AL
1226260,Trincomalee,LK
1514879,Khujand,TJ
1221194,Kulob,TJ
1220747,Qurghonteppa,TJ
3728474,Cap-Haitien,HT
3566067,Camaguey,CU
3564178,Ciego de Avila,CU
3550598,Las Tunas,CU
3556969,Holguin,CU
3567597,Bayamo,CU
3536729,Santiago de Cuba,CU
291074,Ras al Khaymah,AE
1134720,Lashkar Gah,AF
1185099,Sylhet,BD
2393693,Kandi,BJ
2394560,Djougou,BJ
3903987,Sucre,BO
3386361,Timon,BR
3388368,Sao Luis,BR
3397838,Jaboatao,BR
3399058,Garanhuns,BR
3401545,Crato,BR
219057,Beni,CD
922806,Kipushi,CD
2312888,Mbanza-Ngungu,CD
2312895,Mbandaka,CD
2598243,Soubre,CI
3868707,Valdivia,CL
3887127,Iquique,CL
2223763,Nkongsamba,CM
2229411,Limbe,CM
2229748,Kumbo,CM
1796236,Shanghai,CN
1808963,Handan,CN
2485801,Ouargla,DZ
2505329,Bejaia,DZ
3654410,Manta,EC
333287,Keren,ER
328689,Shashemene,ET
330186,Nazret,ET
3608248,La Ceiba,HN
1213855,Sibolga,ID
1214658,Lhokseumawe,ID
1215355,Binjai,ID
1624041,Ternate,ID
1624647,Tasikmalaya,ID
1626381,Sukabumi,ID
1626916,Singkawang,ID
1626932,Singaraja,ID
1629131,Salatiga,ID
1631393,Perabumulih,ID
1631992,Pati,ID
1633034,Palu,ID
1633118,Palangkaraya,ID
1633419,Padang,ID
1635815,Maumere,ID
1636022,Martapura,ID
1636806,Majene,ID
1636930,Madiun,ID
1642588,Jember,ID
1643837,Gorontalo,ID
1646170,Cirebon,ID
1647866,Bukittinggi,ID
1648186,Bontang,ID
1648580,Blitar,ID
1649378,Bekasi,ID
1651531,Ambon,ID
1253472,Valparai,IN
1254241,Tonk,IN
1255744,Sonipat,IN
1256287,Silchar,IN
1256320,Sikar,IN
1256728,Shahjahanpur,IN
1258076,Rohtak,IN
1258916,Rajapalaiyam,IN
1259166,Purnia,IN
1259312,Proddatur,IN
1259686,Pilibhit,IN
1260107,Patiala,IN
1260137,Pathankot,IN
1260476,Panipat,IN
1261927,Nandyal,IN
1262204,Nagercoil,IN
1262332,Muzaffarnagar,IN
1262801,Moradabad,IN
1263220,Medinipur,IN
1275068,Burhanpur,IN
134721,Fasa,IR
3488465,Spanish Town,JM
250090,Az Zarqa,JO
1852225,Shimonoseki,JP
2113126,Akita,JP
1870883,Sariwon,KP
1873757,Nampo,KP
1877030,Hungnam,KP
2040893,Sinuiju,KP
285799,Al Jahra,KW
1654379,Pakxe,LA
1234633,Moratuwa,LK
1242833,Jaffna,LK
598316,Kaunas,LT
2208425,Zuwarah,LY
2217362,Gharyan,LY
2219905,Al Khums,LY
2457163,Gao,ML
1300466,Bago,MM
1302439,Pakokku,MM
1735227,Kuantan,MY
3693528,Piura,PE
3696417,Huanuco,PE
3698304,Chimbote,PE
3943789,Chincha Alta,PE
3944797,Cerro de Pasco,PE
2092740,Lae,PG
1692685,Puerto Princesa,PH
3439389,Asuncion,PY
109101,Al Mubarraz,SA
367308,Shendi,SD
2250805,Kaolack,SN
55671,Kismaayo,SO
56335,Jawhar,SO
56399,Jamaame,SO
363885,Wau,SS
1668355,Tainan,TW
4167694,Panama City,US
4531405,Broken Arrow,US
4703223,Killeen,US
4705349,Laredo,US
5231851,Sioux Falls,US
5404024,Turlock,US
5406222,Victorville,US
5406567,Visalia,US
5475352,Las Cruces,US
5509403,North Las Vegas,US
5516233,Amarillo,US
3440781,Rivera,UY
3644768,Cumana,VE
1572151,Nha Trang,VN
1006984,East London,ZA
3186886,Zagreb,HR
2759794,Amsterdam,NL
524901,Moscow,RU
703448,Kiev,UA
1282898,Pokhara,NP
491422,Sochi,RU
2411585,Gibraltar,GI
3553478,Havana,CU
3441575,Montevideo,UY
3439101,Ciudad del Este,PY
3645213,Coro,VE
109353,Al Kharj,SA
6541857,Foggia,IT
2325330,Owerri,NG
1716771,Cotabato,PH
2224827,Ngaoundere,CM
1797929,Qingdao,CN
5894171,Barrie,CA
3646738,Caracas,VE
1510853,Barnaul,RU
1503901,Kemerovo,RU
472761,Volgodonsk,RU
1489425,Tomsk,RU
2396518,Port-Gentil,GA
1040652,Maputo,MZ
1857910,Kyoto,JP
2130188,Hakodate,JP
1856199,Nagaoka,JP
1271476,Guwahati,IN
1269321,Jammu,IN
6119109,Regina,CA
4013708,Ciudad Juarez,MX
3523349,Merida,MX
4014338,Chihuahua,MX
4011743,Durango,MX
6942858,Campeche,MX
3815415,Tlaxcala,MX
3522307,Orizaba,MX
2918632,Gottingen,DE
2944387,Bremen,DE
2849483,Regensburg,DE
115019,Shiraz,IR
111453,Zanjan,IR
3106672,Valladolid,ES
6355295,Albacete,ES
3868626,Valparaiso,CL
1630789,Pontianak,ID
1636544,Manado,ID
3374333,Praia,CV
202061,Kigali,RW
2274895,Monrovia,LR
307654,Kirikkale,TR
310859,Kahramanmaras,TR
298299,Usak,TR
748879,Corum,TR
630429,Baranavichy,BY
721472,Debrecen,HU
3052009,Gyor,HU
1248991,Colombo,LK
1241622,Kandy,LK
1514891,Konibodom,TJ
3718426,Port-au-Prince,HT
425378,Bujumbura,BI
162183,Ashgabat,TM
1528675,Bishkek,KG
4033936,Papeete,PF
3547398,Matanzas,CU
3544091,Pinar del Rio,CU
3540667,Sancti Spiritus,CU
3564124,Cienfuegos,CU
1871859,Pyongyang,KP
2639996,Portsmouth,GB
3394682,Mossoro,BR
204405,Uvira,CD
207570,Mwene-Ditu,CD
212902,Kindu,CD
216449,Gandajika,CD
217745,Bumba,CD
2284647,Man,CI
2286304,Korhogo,CI
2288829,Gagnoa,CI
2289887,Divo,CI
3872348,San Bernardo,CL
1280037,Shache,CN
1795857,Shaowu,CN
1808931,Hangu,CN
3493146,San Francisco de Macoris,DO
3493175,Puerto Plata,DO
3500957,La Romana,DO
349717,Samalut,EG
345149,Adigrat,ET
2657832,Aberdeen,GB
612287,Rustavi,GE
2294700,Tema,GH
2296606,Obuasi,GH
2302357,Cape Coast,GH
2413753,Brikama,GM
2420562,Gueckedou,GN
2310046,Bata,GQ
3595803,Escuintla,GT
3724696,Gonaives,HT
3728097,Les Cayes,HT
716935,Nyiregyhaza,HU
1213500,Tebingtinggi,ID
1214369,Padangsidempuan,ID
1643078,Indramayu,ID
3489523,May Pen,JM
1866923,Wonsan,KP
1878389,Chongju,KP
2451478,Segou,ML
1299154,Pyay,MM
1312609,Magway,MM
2437798,Zinder,NE
1283581,Birganj,NP
287830,Ibri,OM
2407790,Kenema,SL
363619,Yei,SS
170592,Douma,SY
170794,Dayr az Zawr,SY
1607708,Phitsanulok,TH
4167538,Palm Coast,US
4328010,Houma,US
4696233,Harlingen,US
4720039,Port Arthur,US
4876523,Sioux City,US
5251436,Eau Claire,US
5345609,El Centro,US
5359446,Indio,US
5393180,Santa Maria,US
5435464,Pueblo,US
5462393,Clovis,US
5525577,Lubbock,US
1216982,Kattaqorgon,UZ
1513604,Khiwa,UZ
1513886,Jizzax,UZ
3625549,Valencia,VE
3646487,Carora,VE
1562693,Vinh Long,VN
1565022,Thu Dau Mot,VN
1566319,Thai Nguyen,VN
1566346,Thai Binh,VN
1566559,Tay Ninh,VN
1567069,Tan An,VN
1567621,Son Tay,VN
1567788,Soc Trang,VN
1586151,Cao Lanh,VN
1586350,Cam Ranh,VN
69500,Zabid,YE
70225,Taizz,YE
74477,Ibb,YE
75337,Hajjah,YE
78754,Al Mukalla,YE
79415,Al Hudaydah,YE
952865,Springs,ZA
963516,Queenstown,ZA
975436,Mmabatho,ZA
1019760,Bethal,ZA
909863,Luanshya,ZM
911148,Kitwe,ZM
912764,Kasama,ZM
919009,Chingola,ZM
884979,Mutare,ZW
1106542,Chitungwiza,ZW
3645532,Ciudad Bolivar,VE
1496747,Novosibirsk,RU
709717,Donetsk,UA
496638,Sergiyev Posad,RU
1261481,New Delhi,IN
1271951,Faridabad,IN
1263364,Mathura,IN
1279259,Agra,IN
1276128,Bharatpur,IN
3645528,Ciudad Guayana,VE
516436,Obninsk,RU
608668,Oral,KZ
523750,Naberezhnyye Chelny,RU
625144,Minsk,BY
2014006,Ussuriysk,RU
1253405,Varanasi,IN
1275120,Bulandshahr,IN
1264733,Lucknow,IN
496527,Serpukhov,RU
1253986,Udaipur,IN
1279159,Ajmer,IN
1267995,Kanpur,IN
1271439,Gaya,IN
479123,Ulyanovsk,RU
524294,Murom,RU
500096,Ryazan,RU
624079,Orsha,BY
625665,Mahilyow,BY
630468,Babruysk,BY
629634,Brest,BY
543878,Kostroma,RU
555312,Ivanovo,RU
503550,Pyatigorsk,RU
522377,Nevinnomyssk,RU
518255,Novorossiysk,RU
487846,Stavropol,RU
542420,Krasnodar,RU
698740,Odessa,UA
712451,Berdyansk,UA
701404,Melitopol,UA
1275339,Mumbai,IN
566199,Dimitrovgrad,RU
479561,Ufa,RU
1520172,Petropavlovsk,KZ
1522203,Kokshetau,KZ
1526384,Almaty,KZ
498677,Saratov,RU
518970,Novocherkassk,RU
290030,Doha,QA
468902,Yaroslavl,RU
706483,Kharkiv,UA
480562,Tula,RU
538560,Kursk,RU
578072,Belgorod,RU
687700,Zaporizhzhya,UA
2027667,Angarsk,RU
7536078,Irkutsk,RU
2026070,Bryansk,RU
1496153,Omsk,RU
479411,Ukhta,RU
3895088,Chillan,CL
3440714,Salto,UY
940909,Welkom,ZA
6173331,Vancouver,CA
5946768,Edmonton,CA
964420,Port Elizabeth,ZA
3515302,Toluca,MX
146268,Nicosia,CY
1860244,Kanazawa,JP
1859642,Kawasaki,JP
312394,Hatay,TR
6359474,Marbella,ES
325361,Adana,TR
6542287,Reggio di Calabria,IT
2524170,Messina,IT
2525473,Cagliari,IT
323784,Ankara,TR
3117735,Madrid,ES
734077,Thessaloniki,GR
3128760,Barcelona,ES
3118532,Leon,ES
2995469,Marseille,FR
3177090,Ferrara,IT
3164527,Verona,IT
6542283,Milan,IT
683844,Brasov,RO
686254,Arad,RO
675810,Iasi,RO
2766823,Salzburg,AT
2661604,Basel,CH
665850,Suceava,RO
2761369,Vienna,AT
3078610,Brno,CZ
3067696,Prague,CZ
769250,Kielce,PL
3093133,Lodz,PL
2745912,Utrecht,NL
3098218,Grudziadz,PL
2655459,Blackpool,GB
588335,Tartu,EE
1270644,Gurgaon,IN
1283154,Lalitpur,NP
1283241,Kathmandu,NP
520068,Noginsk,RU
473247,Vladimir,RU
98463,As Sulaymaniyah,IQ
504341,Pskov,RU
1262995,Mirzapur,IN
1488754,Tyumen,RU
3450909,Rondonopolis,BR
1260086,Patna,IN
528293,Maykop,RU
1512236,Abakan,RU
2013159,Yakutsk,RU
7839644,Adelaide,AU
890422,Gweru,ZW
3469058,Brasilia,BR
1635882,Mataram,ID
1640344,Kendari,ID
186301,Mombasa,KE
198629,Eldoret,KE
191245,Kisumu,KE
3396016,Macapa,BR
215771,Isiro,CD
2234359,Bertoua,CM
3665900,Villavicencio,CO
2220957,Yaounde,CM
2454268,Koutiala,ML
2339937,Gusau,NG
1264527,Chennai,IN
2453348,Mopti,ML
3530597,Mexico City,MX
1153669,Chiang Rai,TH
105343,Jeddah,SA
1809858,Guangzhou,CN
292968,Abu Dhabi,AE
108410,Riyadh,SA
6361046,Seville,ES
1172451,Lahore,PK
358448,Damanhur,EG
1138336,Kandahar,AF
1139715,Jalalabad,AF
1147540,Baghlan,AF
1850147,Tokyo,JP
1846986,Andong,KR
2525068,Catania,IT
2523920,Palermo,IT
6357216,Cordoba,ES
308464,Kayseri,TR
304827,Manisa,TR
305268,Kutahya,TR
322165,Balikesir,TR
6542117,Salerno,IT
740264,Samsun,TR
3114965,Ourense,ES
3114711,Oviedo,ES
6542282,Genoa,IT
3181928,Bologna,IT
3165185,Trieste,IT
2935022,Dresden,DE
2934246,Dusseldorf,DE
2673730,Stockholm,SE
2335727,Kaduna,NG
508101,Podolsk,RU
2146142,Townsville,AU
3456283,Niteroi,BR
6058560,London,CA
3109718,Santander,ES
3182164,Bergamo,IT
1007311,Durban,ZA
785082,Tetovo,MK
1258847,Rajkot,IN
3571824,Nassau,BS
6077243,Montreal,CA
665087,Timisoara,RO
6094578,Oshawa,CA
2636531,Sunderland,GB
2637487,Southampton,GB
3471910,Apucarana,BR
3688689,Bogota,CO
3117164,Mataro,ES
2657896,Zurich,CH
2155472,Newcastle,AU
2516395,Jaen,ES
251833,Volos,GR
3031582,Bordeaux,FR
671768,Oradea,RO
3195506,Maribor,SI
3448439,Sao Paulo,BR
2825297,Stuttgart,DE
680332,Craiova,RO
1692193,Quezon City,PH
3143244,Oslo,NO
3171457,Parma,IT
6458923,Lisbon,PT
3104324,Zaragoza,ES
2643339,Luton,GB
683506,Bucharest,RO
681290,Cluj-Napoca,RO
148730,Zanzibar,TZ
2640729,Oxford,GB
3583361,San Salvador,SV
2013348,Vladivostok,RU
554234,Kaliningrad,RU
501183,Rostov,RU
511565,Penza,RU
472757,Volgograd,RU
1490624,Surgut,RU
472459,Vologda,RU
1502026,Krasnoyarsk,RU
2022890,Khabarovsk,RU
484646,Tambov,RU
553915,Kaluga,RU
1496990,Novokuznetsk,RU
524305,Murmansk,RU
569223,Cherepovets,RU
535121,Lipetsk,RU
480060,Tver,RU
510808,Pervouralsk,RU
569696,Cheboksary,RU
554840,Izhevsk,RU
563464,Engels,RU
473249,Vladikavkaz,RU
487495,Sterlitamak,RU
514734,Orsk,RU
532288,Magnitogorsk,RU
569154,Cherkessk,RU
2025339,Chita,RU
1498894,Miass,RU
498687,Sarapul,RU
1512165,Achinsk,RU
2019528,Nakhodka,RU
470546,Vyborg,RU
532096,Makhachkala,RU
484907,Taganrog,RU
2051523,Bratsk,RU
569955,Chapayevsk,RU
1500973,Kyzyl,RU
496285,Severodvinsk,RU
476077,Velikiye Luki,RU
563708,Dzerzhinsk,RU
582432,Almetyevsk,RU
1493467,Rubtsovsk,RU
521118,Nizhnekamsk,RU
561347,Glazov,RU
580497,Astrakhan,RU
496015,Shakhty,RU
548114,Kislovodsk,RU
579492,Balakovo,RU
484972,Syzran,RU
1508291,Chelyabinsk,RU
546105,Kolpino,RU
580724,Arzamas,RU
563514,Elista,RU
553190,Kandalaksha,RU
499292,Salavat,RU
1504682,Kansk,RU
522942,Neftekamsk,RU
1496503,Noyabrsk,RU
1489530,Tobolsk,RU
546230,Kolomna,RU
500004,Rybinsk,RU
578740,Bataysk,RU
577206,Berezniki,RU
491023,Solikamsk,RU
462444,Zlatoust,RU
472231,Volzhskiy,RU
543460,Kovrov,RU
566532,Derbent,RU
519336,Velikiy Novgorod,RU
517836,Novotroitsk,RU
580922,Armavir,RU
1494114,Prokopyevsk,RU
1503277,Kiselevsk,RU
548410,Kirov,RU
558418,Groznyy,RU
499099,Samara,RU
965301,Pietermaritzburg,ZA
964349,Potchefstroom,ZA
1018725,Bloemfontein,ZA
993800,Johannesburg,ZA
933773,Gaborone,BW
2440485,Niamey,NE
2298890,Kumasi,GH
2306104,Accra,GH
2491191,Laghouat,DZ
2498611,Chlef,DZ
2503769,Blida,DZ
2485926,Oran,DZ
2464470,Tunis,TN
2530335,Tangier,MA
2537406,Settat,MA
2553604,Casablanca,MA
2540483,Oujda,MA
2561668,Agadir,MA
2542997,Marrakesh,MA
361058,Alexandria,EG
184745,Nairobi,KE
2232593,Douala,CM
2232239,Edea,CM
2235189,Bafoussam,CM
2253354,Dakar,SN
890299,Harare,ZW
3352136,Windhoek,NA
2332459,Lagos,NG
909137,Lusaka,ZM
949224,Thohoyandou,ZA
944385,Vereeniging,ZA
161325,Arusha,TZ
965289,Polokwane,ZA
2326171,Ondo,NG
2544571,Kenitra,MA
2460596,Bamako,ML
2490098,Mascara,DZ
2482572,Saida,DZ
2501152,Constantine,DZ
2506999,Annaba,DZ
2505572,Batna,DZ
2479536,Skikda,DZ
2240449,Luanda,AO
2464915,Sousse,TN
2468579,Nabeul,TN
2467454,Sfax,TN
2243940,Ziguinchor,SN
934154,Port Louis,MU
2488835,Medea,DZ
2500017,Djelfa,DZ
2505530,Bechar,DZ
934570,Curepipe,MU
3369157,Cape Town,ZA
1020098,Benoni,ZA
958724,Rustenburg,ZA
1015621,Brits,ZA
160263,Dar es Salaam,TZ
931755,Blantyre,MW
152224,Mwanza,TZ
149606,Tanga,TZ
2357048,Ouagadougou,BF
2294877,Tamale,GH
2212775,Sabha,LY
184622,Nakuru,KE
932505,Maseru,LS
989921,Klerksdorp,ZA
2481700,Setif,DZ
2339354,Ibadan,NG
2343279,Enugu,NG
2337639,Ilorin,NG
2503826,Biskra,DZ
2487134,Mostaganem,DZ
2502958,Bouira,DZ
2377450,Nouakchott,MR
4724129,Round Rock,US
4862034,Iowa City,US
4700168,Irving,US
6094817,Ottawa,CA
101628,Tabuk,SA
467978,Yelets,RU
2174003,Brisbane,AU
2165798,Geelong,AU
2147714,Sydney,AU
2172797,Cairns,AU
2165087,Gold Coast,AU
2171507,Wollongong,AU
2153391,Perth,AU
1735634,Kuching,MY
1732903,Shah Alam,MY
1735902,Sibu,MY
1734634,Ipoh,MY
1738050,Miri,MY
1736309,Alor Setar,MY
1734199,Tawau,MY
1734586,Taiping,MY
1737486,Bintulu,MY
1833747,Ulsan,KR
1838524,Busan,KR
1846918,Ansan,KR
1835329,Daegu,KR
1833105,Wonju,KR
1843491,Iksan,KR
1841811,Gwangju,KR
1846266,Jeju,KR
1845604,Cheongju,KR
1845136,Chuncheon,KR
1842485,Goyang,KR
1845457,Jeonju,KR
1815286,Chengdu,CN
1814906,Chongqing,CN
1799397,Ningbo,CN
1792947,Tianjin,CN
1804651,Kunming,CN
2037013,Harbin,CN
1791247,Wuhan,CN
1910588,zhengzhou,CN
1797873,Huaiyin,CN
1787093,Yantai,CN
1815456,Changzhou,CN
1809498,Guilin,CN
1804430,Lanzhou,CN
2036502,Jilin,CN
2038632,Anshan,CN
1803300,Liuzhou,CN
2038300,Benxi,CN
1793724,Taian,CN
1810821,Fuzhou,CN
1799722,Nantong,CN
1805987,Jiaozuo,CN
1816971,Baoding,CN
1788572,Xinxiang,CN
1799869,Nanning,CN
1805953,Jiaxing,CN
1785018,Zhangzhou,CN
1804586,Laiyang,CN
1806535,Huzhou,CN
1808722,Hefei,CN
1791681,Weifang,CN
1809461,Guiyang,CN
1803834,Liaocheng,CN
1801180,Maoming,CN
1786764,Yichang,CN
1816440,Bengbu,CN
1790437,Zhuhai,CN
1817993,Anqing,CN
1798449,Putian,CN
1807681,Huainan,CN
1803567,Linfen,CN
1795874,Shaoguan,CN
1797595,Qinhuangdao,CN
1785286,Zibo,CN
1807700,Huaibei,CN
1808370,Hengyang,CN
1791673,Weihai,CN
1786657,Yinchuan,CN
1784853,Zhaoqing,CN
1806299,Jiangmen,CN
1806776,Huizhou,CN
1529195,Shihezi,CN
1799491,Neijiang,CN
2036581,Jiamusi,CN
1804540,Langfang,CN
2036389,Jixi,CN
2034655,Suihua,CN
2035265,Qiqihar,CN
1785453,Zaozhuang,CN
1815059,Chenzhou,CN
1788046,Xuchang,CN
1797264,Quzhou,CN
1793505,Taizhou,CN
2033196,Zhangjiakou,CN
2037078,Hailar,CN
1788852,Xining,CN
1796663,Sanming,CN
1792622,Tongling,CN
1802276,Longyan,CN
1808198,Heze,CN
1804591,Laiwu,CN
1785036,Zhangye,CN
1803331,Linxia,CN
1803936,Wuwei,CN
1798760,Pingliang,CN
1280957,Jiayuguan,CN
1808770,Hebi,CN
2034439,Tieling,CN
1790254,Xiaogan,CN
1529484,Hami,CN
2037886,Dandong,CN
1794328,Shuozhou,CN
1791636,Weinan,CN
1808857,Hanzhong,CN
1788508,Xinyu,CN
1790840,Wuzhou,CN
2036892,Hohhot,CN
1805680,Jingdezhen,CN
1789065,Ankang,CN
2036973,Heihe,CN
1797551,Qinzhou,CN
1816269,Baicheng,CN
1816705,Beihai,CN
1529531,Dunhuang,CN
1815395,Chaozhou,CN
1814760,Chuxiong,CN
1806466,Guangyuan,CN
2036986,Hegang,CN
1805611,Jingmen,CN
1816080,Cangzhou,CN
1817968,Anshun,CN
1790371,Xiantao,CN
2034786,Shuangyashan,CN
1783988,Zhucheng,CN
2034400,Tongliao,CN
1798473,Puqi,CN
2037534,Dunhua,CN
1792592,Tongren,CN
1791249,Wuhai,CN
2035261,Qitaihe,CN
1529376,Korla,CN
1529114,Turpan,CN
1529363,Kuqa,CN
1785974,Yuci,CN
2038432,Baotou,CN
1808759,Hechi,CN
2037860,Daqing,CN
1529660,Aksu,CN
1786746,Yichun,CN
1788081,Xuanzhou,CN
1792895,Tianshui,CN
2033536,Yakeshi,CN
1784055,Zhuanghe,CN
2034497,Taonan,CN
1859740,Kawagoe,JP
1863289,Hamamatsu,JP
7303136,kagoshima,JP
2129101,Muroran,JP
1849892,Tottori,JP
1852899,Sasebo,JP
2130629,Asahikawa,JP
2127733,Tomakomai,JP
1851032,Takaoka,JP
1859307,Kitakyushu,JP
2112539,Iwaki,JP
1857519,Matsumoto,JP
2129537,Kitami,JP
1853140,Sakata,JP
2112141,Koriyama,JP
1863440,Hachioji,JP
2130057,Hirosaki,JP
1269843,Hyderabad,IN
1269743,Indore,IN
1274746,Chandigarh,IN
1265874,Kozhikode,IN
1262180,Nagpur,IN
1271308,Ghaziabad,IN
1269633,Jabalpur,IN
1253573,Vadodara,IN
1254360,Tirupati,IN
1268295,Kalyan,IN
1263780,Mangalore,IN
1256515,Shimoga,IN
1262321,Mysore,IN
1271715,Gandhinagar,IN
1264521,Madurai,IN
1257845,Sagar,IN
1275841,Bhopal,IN
1253184,Vijayawada,IN
1261529,Nellore,IN
1270396,Haora,IN
1270022,Hisar,IN
1270583,Gwalior,IN
1254361,Tirunelveli,IN
1254089,Tumkur,IN
1256523,Shillong,IN
1254649,Thanjavur,IN
1279105,Akola,IN
1258526,Ranchi,IN
1264728,Ludhiana,IN
1263814,Mandya,IN
1270668,Guntur,IN
1275817,Bhubaneshwar,IN
1278710,Amritsar,IN
1259091,Kollam,IN
1279290,Agartala,IN
1279017,Aligarh,IN
1276032,Bhavnagar,IN
1271976,Faizabad,IN
1275198,Brahmapur,IN
1269006,Jhansi,IN
1252948,Warangal,IN
1269771,Imphal,IN
1267708,Karnal,IN
1264115,Malegaon,IN
1266285,Kolhapur,IN
1258980,Raipur,IN
1278994,Allahabad,IN
1259012,Raichur,IN
1253914,Ujjain,IN
1275971,Bhilai,IN
1278860,Ambala,IN
1254327,Tiruvannamalai,IN
1253286,Vellore,IN
1257629,Salem,IN
1269935,Hospet,IN
1272543,Dindigul,IN
1276509,Bellary,IN
1278946,Alwar,IN
1265014,Latur,IN
1275899,Bhiwani,IN
1269300,Jamshedpur,IN
1277013,Bareilly,IN
1261731,Nasik,IN
1275665,Bikaner,IN
1273802,Cuddalore,IN
1257416,Sangli,IN
1267076,Khammam,IN
1261045,Ongole,IN
1258932,Rajahmundry,IN
1253084,Vizianagaram,IN
1254348,Tiruppur,IN
1275812,Bhuj,IN
1268159,Kanchipuram,IN
1259184,Puri,IN
1268561,Kakinada,IN
1273313,Dehra Dun,IN
1262330,Muzaffarpur,IN
1272979,Dhanbad,IN
1275738,Bidar,IN
1273780,Cuttack,IN
1265683,Kumbakonam,IN
1264637,Machilipatnam,IN
1276058,Bhatpara,IN
1266305,Kolar,IN
1265859,Krishnanagar,IN
1270216,Hathras,IN
1259395,Porbandar,IN
1257806,Saharanpur,IN
1276300,Bhagalpur,IN
1260341,Parbhani,IN
1275701,Bijapur,IN
1255969,Sitapur,IN
1273865,Coimbatore,IN
1668399,Taichung,TW
1670481,Pingtung,TW
1665148,Taipei,TW
1819729,Hong Kong,HK
1152473,Lampang,TH
1150007,Trang,TH
1604870,Yala,TH
1610780,Hat Yai,TH
1605245,Ubon Ratchathani,TH
1587923,Bien Hoa,VN
1586203,Can Tho,VN
1562414,Vung Tau,VN
1581298,Haiphong,VN
1568770,Quang Ngai,VN
1571968,Ninh Binh,VN
1568510,Rach Gia,VN
1584071,Da Lat,VN
1566166,Thanh Hoa,VN
1580830,Hoa Binh,VN
1574023,My Tho,VN
1563926,Tra Vinh,VN
1586443,Ca Mau,VN
1573517,Nam Dinh,VN
1576633,Lang Son,VN
1580240,Hue,VN
1575627,Long Xuyen,VN
1571058,Phan Thiet,VN
1578500,Kon Tum,VN
1581047,Ha Tinh,VN
1582886,Dong Hoi,VN
2996944,Lyon,FR
2992166,Montpellier,FR
2972315,Toulouse,FR
2998324,Lille,FR
3037854,Amiens,FR
2973783,Strasbourg,FR
2989317,Orleans,FR
3033123,Besancon,FR
3014728,Grenoble,FR
2990969,Nantes,FR
3037656,Angers,FR
2987914,Perpignan,FR
3029241,Caen,FR
2972328,Toulon,FR
2984114,Reims,FR
2991214,Mulhouse,FR
2998286,Limoges,FR
3038354,Aix-en-Provence,FR
3032797,Biarritz,FR
3165926,Taranto,IT
3167096,Sassari,IT
3171168,Pescara,IT
3165243,Trento,IT
3165201,Treviso,IT
3174659,Livorno,IT
3165072,Udine,IT
3169561,Ravenna,IT
3181528,Brindisi,IT
3182340,Barletta,IT
292672,Sharjah,AE
292223,Dubai,AE
292913,Al Ayn,AE
2666199,Uppsala,SE
1516905,Taraz,KZ
610529,Atyrau,KZ
1520240,Pavlodar,KZ
1526273,Astana,KZ
1524325,Ekibastuz,KZ
1518262,Temirtau,KZ
1519422,Semey,KZ
1519922,Qyzylorda,KZ
1516589,Zhezqazghan,KZ
610611,Aqtobe,KZ
1518980,Shymkent,KZ
1523400,Qaraghandy,KZ
2262963,Setubal,PT
110690,Abha,SA
107304,Buraydah,SA
109223,Medina,SA
105299,Jizan,SA
2654675,Bristol,GB
2653941,Cambridge,GB
2654710,Brighton,GB
2650752,Dundee,GB
2650225,Edinburgh,GB
2633352,York,GB
2644668,Leicester,GB
2653822,Cardiff,GB
2640354,Peterborough,GB
2615876,Odense,DK
5969423,Halifax,CA
5913490,Calgary,CA
6325494,Quebec,CA
5990579,Kelowna,CA
5969785,Hamilton,CA
6174032,Victoria,CA
5992495,Kingston,CA
7284311,Sherbrooke,CA
3981609,Tijuana,MX
3995465,Monterrey,MX
3514783,Veracruz,MX
4005539,Guadalajara,MX
3988086,Saltillo,MX
4019233,Aguascalientes,MX
3979844,Zacatecas,MX
4005270,Guanajuato,MX
3530240,Cordoba,MX
3520339,Reynosa,MX
3530517,Coatzacoalcos,MX
4014875,Celaya,MX
3996069,Mexicali,MX
3516355,Tampico,MX
3991328,Puerto Vallarta,MX
4004330,Irapuato,MX
3516109,Tehuacan,MX
4013704,Ciudad Obregon,MX
3515696,Teziutlan,MX
3515001,Tuxtla Gutierrez,MX
3516266,Tapachula,MX
3531023,Chetumal,MX
3997479,Los Mochis,MX
3518692,San Juan del Rio,MX
4005775,Gomez Palacio,MX
4004867,Hidalgo del Parral,MX
3530582,Ciudad Valles,MX
4005143,Guaymas,MX
3530580,Ciudad Victoria,MX
3519537,San Cristobal de Las Casas,MX
3523412,Mazatlan,MX
3522696,Nogales,MX
4000901,La Paz,MX
2892794,Karlsruhe,DE
2935517,Dortmund,DE
2946447,Bonn,DE
2873891,Mannheim,DE
2805753,Wuppertal,DE
2907911,Heidelberg,DE
2857458,Oldenburg,DE
2910831,Hannover,DE
2954172,Augsburg,DE
2945024,Braunschweig,DE
2934691,Duisburg,DE
2874545,Magdeburg,DE
2886946,Koblenz,DE
2874225,Mainz,DE
2809346,Wiesbaden,DE
2891122,Kiel,DE
2940132,Chemnitz,DE
2856883,Osnabruck,DE
2820256,Ulm,DE
124665,Mashhad,IR
112931,Tehran,IR
128747,Karaj,IR
130802,Ilam,IR
143127,Arak,IR
128234,Kerman,IR
116402,Semnan,IR
143083,Ardabil,IR
119505,Qazvin,IR
128226,Kermanshah,IR
118743,Rasht,IR
136256,Dezful,IR
132144,Hamadan,IR
116667,Saveh,IR
132892,Gorgan,IR
111822,Yazd,IR
119208,Qom,IR
114259,Sirjan,IR
126972,Khvoy,IR
117574,Sanandaj,IR
144616,Ahar,IR
122285,Neyshabur,IR
145459,Abadan,IR
127349,Khorramabad,IR
3919968,Cochabamba,BO
3906791,Quillacollo,BO
3907584,Potosi,BO
3909234,Oruro,BO
2751283,Maastricht,NL
2756253,Eindhoven,NL
2751792,Leeuwarden,NL
294801,Haifa,IL
294098,Nazareth,IL
2509954,Valencia,ES
3108288,Tarragona,ES
3127461,Burgos,ES
2521978,Alicante,ES
8051094,Murcia,ES
3114472,Pamplona,ES
3121424,Gijon,ES
2521420,Badajoz,ES
2516548,Huelva,ES
2522013,Algeciras,ES
2513947,Melilla,ES
2520058,Cartagena,ES
3105971,Vigo,ES
3870011,Temuco,CL
3870282,Talcahuano,CL
3897347,Calama,CL
3884373,La Serena,CL
3893629,Coquimbo,CL
3882428,Los Angeles,CL
3893656,Copiapo,CL
3874787,Punta Arenas,CL
3877949,Osorno,CL
3873775,Rancagua,CL
3892870,Curico,CL
3836564,San Salvador de Jujuy,AR
3860259,Cordoba,AR
3844421,Mendoza,AR
3430863,Mar del Plata,AR
3837213,San Juan,AR
3841956,Parana,AR
3435217,Corrientes,AR
3433899,Formosa,AR
3837056,San Luis,AR
3838233,Salta,AR
3432043,La Plata,AR
3435261,Concordia,AR
3836992,San Martin,AR
3835869,Santiago del Estero,AR
3843123,Neuquen,AR
3429577,Resistencia,AR
3848950,La Rioja,AR
3429886,Posadas,AR
3865086,Bahia Blanca,AR
3860443,Comodoro Rivadavia,AR
3836669,San Rafael,AR
3427833,Tandil,AR
3435910,Buenos Aires,AR
3835998,Santa Rosa,AR
1880252,Singapore,SG
1283582,Biratnagar,NP
1701668,Manila,PH
1711005,Iloilo,PH
1715348,Davao,PH
1726280,Batangas,PH
1682812,Tarlac,PH
1696710,Pagadian,PH
1642858,Jambi,ID
1627896,Semarang,ID
1636722,Malang,ID
1621177,Yogyakarta,ID
1625812,Surakarta,ID
1631761,Pekanbaru,ID
1645528,Denpasar,ID
1214520,Medan,ID
1215502,Banda Aceh,ID
2057087,Kupang,ID
1214724,Langsa,ID
7666359,Palembang,ID
1624863,Tanjungpinang,ID
1630634,Probolinggo,ID
1649150,Bengkulu,ID
1624725,Tarakan,ID
1632654,Pangkalpinang,ID
1214204,Pematangsiantar,ID
1169825,Multan,PK
1167528,Quetta,PK
1173491,Kohat,PK
1179400,Faisalabad,PK
1168718,Okara,PK
1166000,Sargodha,PK
1177654,Gujrat,PK
1169116,Nawabshah,PK
1183880,Bahawalpur,PK
1178338,Gilgit,PK
1180281,Dera Ismail Khan,PK
1174625,Kasur,PK
1181096,Chiniot,PK
1183460,Bannu,PK
2191562,Dunedin,NZ
2190324,Hamilton,NZ
2192362,Christchurch,NZ
2179537,Wellington,NZ
2193733,Auckland,NZ
2179867,Waitakere,NZ
2188164,Lower Hutt,NZ
2208032,Tauranga,NZ
2185964,North Shore,NZ
1821306,Phnom Penh,KH
1821274,Macau,MO
2088122,Port Moresby,PG
1282027,Male,MV
1138958,Kabul,AF
1140026,Herat,AF
1141269,Ghazni,AF
1147290,Balkh,AF
1185128,Rajshahi,BD
1185188,Rangpur,BD
1336137,Barisal,BD
1336140,Jessore,BD
1185106,Jamalpur,BD
1336144,Tangail,BD
1185186,Comilla,BD
2964574,Dublin,IE
2797656,Gent,BE
2803138,Antwerpen,BE
2792413,Liege,BE
2800931,Brugge,BE
2790471,Namur,BE
2800866,Brussels,BE
3451190,Rio de Janeiro,BR
3452925,Porto Alegre,BR
3390760,Recife,BR
3446682,Taubate,BR
3458449,Londrina,BR
3445831,Uberlandia,BR
3663517,Manaus,BR
3453643,Piracicaba,BR
3459462,Jundiai,BR
3457692,Marilia,BR
3453186,Ponta Grossa,BR
3397277,Joao Pessoa,BR
3448636,Sao Jose dos Campos,BR
3403642,Campina Grande,BR
3450083,Santa Maria,BR
3457671,Maringa,BR
3469968,Blumenau,BR
3459505,Juiz de Fora,BR
3465038,Cuiaba,BR
3450269,Santa Cruz do Sul,BR
3462377,Goiania,BR
3395981,Maceio,BR
3662574,Rio Branco,BR
3454244,Pelotas,BR
3456068,Novo Hamburgo,BR
3466537,Caxias do Sul,BR
3460102,Jaragua do Sul,BR
3387296,Sobral,BR
3462315,Governador Valadares,BR
3473817,Porto Velho,BR
3452324,Presidente Prudente,BR
3460728,Itapetininga,BR
3449319,Sao Carlos,BR
3386496,Teresina,BR
3393001,Parnaiba,BR
3448632,Sao Jose dos Pinhais,BR
3398269,Imperatriz,BR
3456166,Nova Friburgo,BR
3454857,Passo Fundo,BR
3445679,Uruguaiana,BR
3470279,Bauru,BR
3449433,Santos,BR
3459712,Joinville,BR
3458575,Limeira,BR
3447399,Sorocaba,BR
3452525,Pouso Alegre,BR
3444876,Volta Redonda,BR
3468615,Cabo Frio,BR
3451328,Ribeirao Preto,BR
3472343,Americana,BR
3466692,Catanduva,BR
3470451,Barretos,BR
3456160,Nova Iguacu,BR
3464460,Dourados,BR
3472287,Anapolis,BR
3471872,Aracaju,BR
3402591,Castanhal,BR
3453303,Pocos de Caldas,BR
3465644,Conselheiro Lafaiete,BR
3397147,Juazeiro do Norte,BR
3445839,Uberaba,BR
3456814,Montes Claros,BR
3467693,Campos,BR
3393536,Olinda,BR
3392242,Petrolina,BR
3460949,Itabuna,BR
3445451,Varzea Grande,BR
3471859,Aracatuba,BR
3470636,Barra Mansa,BR
3469136,Botucatu,BR
3470583,Barreiras,BR
3452640,Porto Seguro,BR
3453837,Pindamonhangaba,BR
3389353,Santarem,BR
3395503,Maraba,BR
3464688,Divinopolis,BR
3447624,Sete Lagoas,BR
3465196,Criciuma,BR
3463011,Franca,BR
3461879,Guarapuava,BR
3461144,Ipatinga,BR
3471196,Bage,BR
3472766,Alagoinhas,BR
3402655,Caruaru,BR
3407327,Arapiraca,BR
3446621,Teofilo Otoni,BR
3470858,Barbacena,BR
3402721,Carpina,BR
3390288,Rio Largo,BR
3444914,Vitoria da Conquista,BR
3460535,Itu,BR
3468376,Cachoeiro de Itapemirim,BR
3467469,Canoas,BR
3396470,Lajes,BR
3405825,Belo Horizonte,BR
3405547,Boa Vista,BR
6458783,Geneva,CH
1002145,George,ZA
942470,Vryheid,ZA
1019330,Bhisho,ZA
3359041,Worcester,ZA
990930,Kimberley,ZA
986846,Kroonstad,ZA
964137,Pretoria,ZA
976358,Middelburg,ZA
359783,Asyut,EG
359792,Aswan,EG
352951,Mallawi,EG
2335204,Kano,NG
2347283,Benin City,NG
2352947,Abeokuta,NG
2350841,Akure,NG
2347470,Bauchi,NG
2340451,Gombe,NG
2334802,Katsina,NG
2331447,Maiduguri,NG
2330100,Minna,NG
2322911,Sokoto,NG
2319133,Warri,NG
2336905,Iwo,NG
2335953,Jos,NG
2353151,Aba,NG
2325200,Oyo,NG
2338900,Ife,NG
2347209,Bida,NG
2347954,Bama,NG
160196,Dodoma,TZ
159071,Iringa,TZ
149658,Tabora,TZ
154380,Mbeya,TZ
152451,Musoma,TZ
153220,Morogoro,TZ
150006,Shinyanga,TZ
157738,Kigoma,TZ
160961,Bukoba,TZ
910111,Livingstone,ZM
905395,Mufulira,ZM
916095,Kabwe,ZM
2299522,Koforidua,GH
370737,Malakal,SS
373303,Juba,SS
377039,Port Sudan,SD
372753,Kassala,SD
2234974,Bamenda,CM
2229752,Kumba,CM
2231320,Garoua,CM
2228373,Maroua,CM
3347762,Lubango,AO
3348313,Huambo,AO
3351663,Benguela,AO
3347019,Namibe,AO
191220,Kitale,KE
2451185,Sikasso,ML
2394819,Cotonou,BJ
2392204,Parakou,BJ
2392087,Porto-Novo,BJ
1053384,Toamasina,MG
1062663,Mahajanga,MG
1069166,Antsirabe,MG
1055429,Toliara,MG
1064890,Fianarantsoa,MG
2427455,Moundou,TD
245785,Abeche,TD
2427123,NDjamena,TD
87205,Darnah,LY
2210554,Surt,LY
1026014,Tete,MZ
1028434,Quelimane,MZ
1049261,Chimoio,MZ
1033356,Nampula,MZ
1052373,Beira,MZ
1024552,Xai-Xai,MZ
1045114,Inhambane,MZ
2260535,Brazzaville,CG
2255414,Pointe-Noire,CG
233508,Entebbe,UG
230166,Lira,UG
226110,Tororo,UG
894701,Bulawayo,ZW
2314302,Kinshasa,CD
922704,Lubumbashi,CD
216281,Goma,CD
212731,Kisangani,CD
217831,Bukavu,CD
2313002,Matadi,CD
922773,Kolwezi,CD
214478,Kananga,CD
922741,Likasi,CD
217562,Butembo,CD
923051,Kamina,CD
204953,Tshikapa,CD
2317397,Bandundu,CD
2314705,Kikwit,CD
2315728,Gemena,CD
214974,Kalemie,CD
209228,Mbuji-Mayi,CD
2441291,Maradi,NE
2448085,Agadez,NE
2365560,Kpalime,TG
2418362,Labe,GN
2419992,Kankan,GN
2416969,Nzerekore,GN
2422924,Boke,GN
2537881,Safi,MA
2543549,Larache,MA
2544001,Ksar el Kebir,MA
2477461,Tebessa,DZ
2479215,Souk Ahras,DZ
2481007,Sidi Bel Abbes,DZ
2492913,Jijel,DZ
2495662,Guelma,DZ
2503701,Bordj Bou Arreridj,DZ
2484620,Oum el Bouaghi,DZ
2475475,Touggourt,DZ
2468353,Gafsa,TN
745044,Istanbul,TR
315202,Eskisehir,TR
738927,Tekirdag,TR
306569,Konya,TR
311071,Isparta,TR
314830,Gaziantep,TR
752850,Adapazari,TR
317106,Denizli,TR
750269,Bursa,TR
304919,Malatya,TR
738743,Tokat,TR
747712,Edirne,TR
738647,Trabzon,TR
315367,Erzurum,TR
737021,Zonguldak,TR
300617,Sivas,TR
315808,Elazig,TR
443186,Batman,TR
315372,Erzincan,TR
316541,Diyarbakir,TR
443187,Karaman,TR
744562,Karabuk,TR
740481,Rize,TR
300822,Siirt,TR
298117,Van,TR
325330,Adiyaman,TR
322830,Aydin,TR
741099,Ordu,TR
756135,Warsaw,PL
3099434,Gdansk,PL
759734,Rzeszow,PL
3094802,Krakow,PL
3099759,Elblag,PL
765876,Lublin,PL
3099230,Gliwice,PL
3099424,Gdynia,PL
3090048,Opole,PL
3080165,Zielona Gora,PL
460413,Daugavpils,LV
706448,Kherson,UA
691650,Ternopil,UA
701824,Mariupol,UA
702569,Lutsk,UA
705812,Kirovohrad,UA
700051,Nikopol,UA
692194,Sumy,UA
710735,Chernihiv,UA
710791,Cherkasy,UA
706369,Khmelnytskyy,UA
699942,Nizhyn,UA
705135,Konotop,UA
689558,Vinnytsya,UA
696643,Poltava,UA
700568,Mykolayiv,UA
702320,Makiyivka,UA
686967,Zhytomyr,UA
707471,Ivano-Frankivsk,UA
623549,Pinsk,BY
620127,Vitsyebsk,BY
627907,Homyel,BY
625324,Mazyr,BY
626081,Lida,BY
625625,Maladzyechna,BY
3069011,Olomouc,CZ
3071961,Liberec,CZ
3068799,Ostrava,CZ
3413829,Reykjavik,IS
3054643,Budapest,HU
715429,Szeged,HU
3046526,Pecs,HU
717582,Miskolc,HU
3044310,Szombathely,HU
3060972,Bratislava,SK
724443,Kosice,SK
3194360,Novi Sad,RS
789128,Kragujevac,RS
792078,Cacak,RS
787657,Nis,RS
727011,Sofia,BG
726050,Varna,BG
732770,Burgas,BG
728203,Pleven,BG
728193,Plovdiv,BG
726848,Stara Zagora,BG
727523,Ruse,BG
287286,Muscat,OM
286621,Salalah,OM
6697993,Baia Mare,RO
680963,Constanta,RO
685948,Bacau,RO
683902,Braila,RO
677697,Galati,RO
670474,Ploiesti,RO
684039,Botosani,RO
670609,Pitesti,RO
678817,Drobeta-Turnu Severin,RO
683123,Buzau,RO
678015,Focsani,RO
667872,Satu Mare,RO
615532,Batumi,GE
613607,Kutaisi,GE
3161732,Bergen,NO
3133880,Trondheim,NO
616052,Yerevan,AM
616530,Vanadzor,AM
616635,Gyumri,AM
2778067,Graz,AT
2772400,Linz,AT
2775220,Innsbruck,AT
3184081,Shkoder,AL
3185728,Durres,AL
783263,Elbasan,AL
3196359,Ljubljana,SI
3712076,Colon,PA
3711668,David,PA
1240372,Kilinochchi,LK
3193044,Podgorica,ME
98182,Baghdad,IQ
99072,Mosul,IQ
98530,As Samawah,IQ
94787,Kirkuk,IQ
99347,Al Hillah,IQ
98854,An Nasiriyah,IQ
98717,Ar Ramadi,IQ
96994,Dahuk,IQ
99454,Al Fallujah,IQ
99762,Ad Diwaniyah,IQ
97990,Baqubah,IQ
618426,Chisinau,MD
617239,Tiraspol,MD
618605,Balti,MD
3204541,Banja Luka,BA
3186573,Zenica,BA
3194828,Mostar,BA
3192409,Prijedor,BA
593116,Vilnius,LT
594739,Siauliai,LT
598098,Klaipeda,LT
596128,Panevezys,LT
2960316,Luxembourg,LU
785842,Skopje,MK
2562305,Valletta,MT
290340,Manama,BH
1514019,Fargona,UZ
1512979,Qoqon,UZ
1217180,Kogon,UZ
601294,Nukus,UZ
1513157,Namangan,UZ
1513064,Olmaliq,UZ
1216311,Qarshi,UZ
1514581,Angren,UZ
1514589,Andijon,UZ
1216265,Samarqand,UZ
1514210,Chirchiq,UZ
1216187,Shahrisabz,UZ
587084,Baku,AZ
3489854,Kingston,JM
3489460,Montego Bay,JM
3652462,Quito,EC
3657509,Guayaquil,EC
3660689,Ambato,EC
3652941,Portoviejo,EC
3654667,Loja,EC
3655673,Ibarra,EC
3652350,Riobamba,EC
3936456,Lima,PE
3947322,Arequipa,PE
3946083,Callao,PE
3691674,Sullana,PE
3691175,Trujillo,PE
3699088,Cajamarca,PE
3931276,Puno,PE
3928128,Tacna,PE
3693345,Pucallpa,PE
3696183,Iquitos,PE
3947019,Ayacucho,PE
3941584,Cusco,PE
3937513,Juliaca,PE
3939459,Huancayo,PE
3698350,Chiclayo,PE
3691148,Tumbes,PE
3938527,Ica,PE
3672486,Pereira,CO
3689147,Barranquilla,CO
3688465,Bucaramanga,CO
3687925,Cali,CO
3682028,Girardot,CO
3675443,Manizales,CO
3672778,Pasto,CO
3680656,Ibague,CO
3685084,Duitama,CO
3689169,Barrancabermeja,CO
3685533,Cucuta,CO
3666645,Tulua,CO
3667983,Sincelejo,CO
3667849,Soledad,CO
3688928,Bello,CO
3680539,Ipiales,CO
3666608,Tunja,CO
3666304,Valledupar,CO
3670745,Riohacha,CO
3667873,Sogamoso,CO
3686279,Cienaga,CO
3675692,Magangue,CO
3601783,San Pedro Sula,HN
415189,Aden,YE
76184,Dhamar,YE
173377,Al Qamishli,SY
3617763,Managua,NI
3618030,Leon,NI
3617723,Masaya,NI
3619194,Esteli,NI
3617708,Matagalpa,NI
3619136,Granada,NI
3492908,Santo Domingo,DO
3493032,San Pedro de Macoris,DO
3511540,San Cristobal,DO
3590979,Quetzaltenango,GT
3624370,Cartago,CR
3624955,Alajuela,CR
3583334,Santa Ana,SV
3583463,San Miguel,SV
3583102,Sonsonate,SV
3778045,Maturin,VE
3633341,Maiquetia,VE
3629576,Punto Fijo,VE
3648522,Barquisimeto,VE
3633009,Maracaibo,VE
3625542,Valera,VE
3629965,Porlamar,VE
3633622,Los Teques,VE
3632998,Maracay,VE
3628473,San Cristobal,VE
3649833,Acarigua,VE
3648559,Barcelona,VE
3629706,Puerto Cabello,VE
3641351,El Tigre,VE
3640226,Guanare,VE
3648546,Barinas,VE
3647651,Cabimas,VE
3647444,Calabozo,VE
3631412,Ocumare del Tuy,VE
3629672,Puerto La Cruz,VE
3374036,Bridgetown,BB
3438735,Encarnacion,PY
250441,Amman,JO
248946,Irbid,JO
250258,As Salt,JO
2028462,Ulaanbaatar,MN
3378644,Georgetown,GY
3190261,Split,HR
3191648,Rijeka,HR
333772,Jima,ET
342884,Bahir Dar,ET
336014,Gonder,ET
339219,Dese,ET
338832,Dire Dawa,ET
330546,Massawa,ER
344901,Mendefera,ER
2279755,Yamoussoukro,CI
2290486,Daloa,CI
2293549,Abengourou,CI
2282006,San-Pedro,CI
2293538,Abidjan,CI
2290956,Bouake,CI
1651944,Vientiane,LA
1816945,Baoji,CN
1295765,Sittwe,MM
1254163,Thiruvananthapuram,IN
1858025,Kushiro,JP
1281019,Hotan,CN
100425,Yanbu al Bahr,SA
108512,Arar,SA
2434910,Bongor,TD
3348078,Kuito,AO
215976,Ilebo,CD
212360,Kongolo,CD
233114,Jinja,UG
379003,El Obeid,SD
379555,El Fasher,SD
2468369,Gabes,TN
2439376,Tahoua,NE
2377539,Nema,MR
8047985,San Antonio,CL
3448639,Sao Jose do Rio Preto,BR
3466778,Cascavel,BR
3903320,Tarija,BO
3646382,Carupano,VE
3671916,Popayan,CO
3673899,Neiva,CO
4682464,College Station,US
4543762,Norman,US
4229476,Warner Robins,US
4168139,Pembroke Pines,US
5372253,Merced,US
1133616,Mazar-e Sharif,AF
2239862,Malanje,AO
3347939,Lobito,AO
3838583,Rosario,AR
3838874,Rio Cuarto,AR
2170078,Cranbourne,AU
2172517,Canberra,AU
3188582,Tuzla,BA
3191281,Sarajevo,BA
1185155,Narayanganj,BD
1185162,Mymensingh,BD
1185241,Dhaka,BD
1205733,Chittagong,BD
1336135,Khulna,BD
1336143,Pabna,BD
1337240,Nawabganj,BD
6545349,Saidpur,BD
2800481,Charleroi,BE
1820906,Bandar Seri Begawan,BN
3394023,Natal,BR
3399415,Fortaleza,BR
3405870,Belem,BR
3444924,Vitoria,BR
3445026,Vila Velha,BR
3449701,Santo Andre,BR
3450554,Salvador,BR
3451138,Rio Grande,BR
3454031,Petropolis,BR
3455070,Paranagua,BR
3458266,Macae,BR
3458498,Linhares,BR
3459943,Jequie,BR
3460005,Jau,BR
3460845,Itajai,BR
3461408,Ilheus,BR
3461859,Guaratingueta,BR
3463030,Foz do Iguacu,BR
3463237,Florianopolis,BR
3463478,Feira de Santana,BR
3464975,Curitiba,BR
3469092,Braganca Paulista,BR
3474574,Palmas,BR
6316729,Campinas,BR
627904,Hrodna,BY
5881791,Abbotsford,CA
5992996,Kitchener,CA
6167865,Toronto,CA
6182962,Windsor,CA
6183235,Winnipeg,CA
2389853,Bangui,CF
2659811,Luzern,CH
2659836,Lugano,CH
2659994,Lausanne,CH
2661552,Bern,CH
3868121,Vina del Mar,CL
3871336,Santiago,CL
3899361,Arica,CL
1529651,Altay,CN
1783621,Zunyi,CN
1783745,Zigong,CN
1783763,Zhuzhou,CN
1783934,Shangqiu,CN
1784990,Zhanjiang,CN
1786770,Yibin,CN
1787351,Yangquan,CN
1790492,Xiangtan,CN
1790645,Xiamen,CN
1791121,Changde,CN
1791388,Wenzhou,CN
1792260,Wafangdian,CN
1793743,Suzhou,CN
1793900,Suining,CN
1794806,Shizuishan,CN
1795855,Shaoxing,CN
1795940,Shantou,CN
1796556,Sanya,CN
1797132,Rizhao,CN
1800146,Nanchong,CN
1800163,Nanchang,CN
1803245,Lishui,CN
1803318,Linyi,CN
1803367,Linqing,CN
1803422,Linhai,CN
1804879,Kaifeng,CN
1807143,Huangyan,CN
1808926,Hangzhou,CN
1809879,Guangshui,CN
1812728,Dingzhou,CN
1812961,Deyang,CN
1816670,Beijing,CN
2033168,Zhaodong,CN
2033225,Zalantun,CN
2033467,Yanji,CN
2033574,Xuanhua,CN
2034312,Ulanhot,CN
2034440,Tieli,CN
2034714,Siping,CN
2035610,Nehe,CN
2035669,Nancha,CN
2036109,Liaoyuan,CN
2036401,Jiutai,CN
2036427,Jinzhou,CN
2036458,Jining,CN
2036536,Jiaohe,CN
2036670,Hulan Ergi,CN
2036713,Huanren,CN
2037069,Hailun,CN
2037345,Fuxin,CN
2037355,Fushun,CN
2038087,Chengde,CN
2038342,Beipiao,CN
2038650,Anda,CN
3674453,Monteria,CO
3674962,Medellin,CO
3687238,Cartagena,CO
3688451,Buenaventura,CO
3621841,San Jose,CR
3537906,Santa Clara,CU
3545064,Palma Soriano,CU
3547867,Manzanillo,CU
3557689,Guantanamo,CU
3513090,Willemstad,CW
3061369,Zlin,CZ
3068582,Pardubice,CZ
2879139,Leipzig,DE
2911298,Hamburg,DE
2921232,Gera,DE
2939811,Cottbus,DE
2949186,Bielefeld,DE
223817,Djibouti,DJ
2624886,Aalborg,DK
3654533,Machala,EC
3658666,Cuenca,EC
359796,Suez,EG
360502,Luxor,EG
360630,Cairo,EG
361055,Ismailia,EG
343386,Assab,ER
2511174,Santa Cruz de Tenerife,ES
2514256,Malaga,ES
2517117,Granada,ES
3110044,San Sebastian,ES
3128026,Bilbao,ES
344979,Addis Ababa,ET
633679,Turku,FI
634963,Tampere,FI
643492,Oulu,FI
2198148,Suva,FJ
2972191,Tours,FR
2980291,Saint-Etienne,FR
2982652,Rouen,FR
2983990,Rennes,FR
2988507,Paris,FR
2990363,Nimes,FR
2990440,Nice,FR
2990999,Nancy,FR
2994160,Metz,FR
2994651,Melun,FR
3003796,Le Havre,FR
3021372,Dijon,FR
3030300,Brest,FR
3037543,Annecy,FR
2399697,Libreville,GA
2636432,Swansea,GB
2637433,Southend-on-Sea,GB
2638077,Sheffield,GB
2639577,Reading,GB
2640194,Plymouth,GB
2641170,Nottingham,GB
2641181,Norwich,GB
2642607,Middlesbrough,GB
2643123,Manchester,GB
2644210,Liverpool,GB
2644688,Leeds,GB
2646057,Ipswich,GB
2648579,Glasgow,GB
2649808,Exeter,GB
2652221,Coventry,GB
2654993,Bradford,GB
2655095,Bournemouth,GB
611717,Tbilisi,GE
2422465,Conakry,GN
3578599,Pointe-a-Pitre,GP
2309527,Malabo,GQ
264371,Athens,GR
2374775,Bissau,GW
3600949,Tegucigalpa,HN
715126,Szolnok,HU
3044774,Szekesfehervar,HU
3050434,Kecskemet,HU
3050616,Kaposvar,HU
1642911,Jakarta,ID
1650527,Balikpapan,ID
2965140,Cork,IE
281184,Jerusalem,IL
1253102,Vishakhapatnam,IN
1255364,Surat,IN
1255634,Srinagar,IN
1267755,Karimnagar,IN
1268866,Jodhpur,IN
1269937,Hoshiarpur,IN
1270079,Hindupur,IN
1270393,Hapur,IN
1270752,Gulbarga,IN
1270926,Gorakhpur,IN
1271885,Firozabad,IN
1271912,Fatehpur,IN
1271987,Etawah,IN
1272648,Dibrugarh,IN
1272691,Dhule,IN
1274106,Chirala,IN
1274693,Chandrapur,IN
1275004,Kolkata,IN
1275163,Budaun,IN
1275778,Bhusawal,IN
1275901,Bhiwandi,IN
1275960,Bhilwara,IN
1277029,Barddhaman,IN
1277085,Baramula,IN
1277333,Bangalore,IN
1277799,Bahraich,IN
1278148,Aurangabad,IN
1278314,Asansol,IN
1278718,Amravati,IN
1279186,Aizawl,IN
1279403,Abohar,IN
1344377,Haldia,IN
1263215,Meerut,IN
91597,Samarra,IQ
94824,Karbala,IQ
98622,Ash Shatrah,IQ
99131,Al Kut,IQ
99608,Al Amarah,IQ
112214,Varamin,IR
119115,Quchan,IR
124620,Masjed Soleyman,IR
125185,Malayer,IR
125446,Mahabad,IR
128447,Kashmar,IR
128477,Kashan,IR
135423,Shahrud,IR
140044,Borujerd,IR
140463,Birjand,IR
143534,Amol,IR
144448,Ahvaz,IR
1159362,Torbat-e Jam,IR
2523083,Siracusa,IT
3170647,Pisa,IT
3171180,Perugia,IT
3172189,Novara,IT
3173331,Modena,IT
3174953,Lecce,IT
3178229,Como,IT
3179866,Caserta,IT
3182351,Bari,IT
3183089,Ancona,IT
1852736,Sendai,JP
2130203,Hachinohe,JP
188492,Machakos,KE
1527534,Osh,KG
921772,Moroni,KM
1876373,Kaesong,KP
1877449,Hamhung,KP
2044757,Chongjin,KP
1835235,Daejeon,KR
1835848,Seoul,KR
1843564,Incheon,KR
1846326,Changwon,KR
276781,Beirut,LB
1250161,Batticaloa,LK
1251081,Anuradhapura,LK
88903,Al Marj,LY
89113,Ajdabiya,LY
2210247,Tripoli,LY
2214846,Misratah,LY
2529317,Taza,MA
2538475,Rabat,MA
2542715,Meknes,MA
2550078,El Jadida,MA
1070940,Antananarivo,MG
1290596,Taungoo,MM
1293625,Dawei,MM
1293960,Taunggyi,MM
1298824,Rangoon,MM
1307741,Myitkyina,MM
1307835,Myingyan,MM
1308415,Mudon,MM
1308465,Mawlamyine,MM
1308522,Monywa,MM
1309611,Myeik,MM
1311874,Mandalay,MM
1325211,Hinthada,MM
1328421,Pathein,MM
3570675,Fort-de-France,MQ
927967,Lilongwe,MW
3514670,Villahermosa,MX
3521168,Poza Rica de Hidalgo,MX
3522551,Nuevo Laredo,MX
3529947,Cuernavaca,MX
3530594,Ciudad Madero,MX
3530599,Ciudad del Carmen,MX
3981941,Tepic,MX
3985606,San Luis Potosi,MX
3995402,Morelia,MX
3996426,Matamoros,MX
3996663,Manzanillo,MX
4013516,Colima,MX
4026082,Lazaro Cardenas,MX
1732687,Batu Pahat,MY
1732752,Johor Bahru,MY
1732869,Muar,MY
1733432,Kota Kinabalu,MY
1733953,Lahad Datu,MY
1734052,Sandakan,MY
1734705,Kuala Terengganu,MY
1734810,Seremban,MY
1735076,Butterworth,MY
1735106,George Town,MY
1735161,Kuala Lumpur,MY
1735459,Teluk Intan,MY
1735498,Sungai Petani,MY
1028918,Pemba,MZ
1039536,Maxixe,MZ
1039854,Matola,MZ
1043893,Lichinga,MZ
2317765,Zaria,NG
2320576,Umuahia,NG
2323675,Sapele,NG
2324774,Port Harcourt,NG
2325314,Owo,NG
2328684,Nsukka,NG
2328952,Nguru,NG
2329821,Mubi,NG
2331140,Makurdi,NG
2332515,Lafia,NG
2336589,Jalingo,NG
2341656,Gashua,NG
2342490,Funtua,NG
2345521,Damaturu,NG
2346229,Calabar,NG
2347059,Birnin Kebbi,NG
2348595,Azare,NG
2348773,Awka,NG
2352778,Abuja,NG
3620381,Chinandega,NI
2743477,Zwolle,NL
2755003,Haarlem,NL
2759661,Arnhem,NL
3137115,Stavanger,NO
1697175,Olongapo,PH
1707404,Laoag,PH
1713022,General Santos,PH
1721080,Cagayan de Oro,PH
1721168,Cadiz,PH
1721906,Cabanatuan,PH
1728929,Baguio City,PH
1163054,Turbat,PK
1164408,Sukkur,PK
1166547,Sahiwal,PK
1166652,Sadiqabad,PK
1166993,Rawalpindi,PK
1170880,Mardan,PK
1172128,Larkana,PK
1174872,Karachi,PK
1176615,Islamabad,PK
1176734,Hyderabad,PK
1177662,Gujranwala,PK
1180289,Dera Ghazi Khan,PK
776069,Bialystok,PL
3088171,Poznan,PL
3095049,Koszalin,PL
3096472,Katowice,PL
3101950,Bytom,PL
3102014,Bydgoszcz,PL
2267827,Funchal,PT
2735943,Porto,PT
2740637,Coimbra,PT
2742032,Braga,PT
3437056,San Lorenzo,PY
792680,Belgrade,RS
482283,Tolyatti,RU
485239,Syktyvkar,RU
511196,Perm,RU
515003,Orenburg,RU
518557,Novomoskovsk,RU
551487,Kazan,RU
576116,Blagoveshchensk,RU
1486209,Yekaterinburg,RU
1497917,Nefteyugansk,RU
1501321,Kurgan,RU
1510018,Biysk,RU
103630,Najran,SA
109571,Al Hufuf,SA
365137,Omdurman,SD
371760,Kosti,SD
373141,Kadugli,SD
378231,Atbara,SD
379252,Khartoum,SD
64536,Baydhabo,SO
3383330,Paramaribo,SR
167357,Manbij,SY
169389,Idlib,SY
170017,Hamah,SY
170063,Aleppo,SY
170654,Damascus,SY
172955,Ar Raqqah,SY
173811,Al Hasakah,SY
934995,Manzini,SZ
2364104,Sokode,TG
2365267,Lome,TG
1150515,Surat Thani,TH
1150954,Ratchaburi,TH
1151254,Phuket,TH
1605239,Udon Thani,TH
1606250,Si Racha,TH
1606590,Samut Prakan,TH
1607978,Pattani,TH
1607983,Pathum Thani,TH
1608232,Nong Khai,TH
1608527,Nakhon Sawan,TH
1608529,Nakhon Ratchasima,TH
1608534,Nakhon Pathom,TH
1609776,Khon Kaen,TH
1611110,Chon Buri,TH
1221874,Dushanbe,TJ
1645457,Dili,TL
161616,Balkanabat,TM
601734,Dasoguz,TM
1218667,Mary,TM
1219649,Turkmenabat,TM
2470173,Zarzis,TN
303750,Nusaybin,TR
311111,Iskenderun,TR
323777,Antalya,TR
745028,Izmit,TR
3573738,San Fernando,TT
3573890,Port-of-Spain,TT
1671566,Nantou,TW
1673820,Kaohsiung,TW
1674199,Yilan,TW
1674502,Hualien,TW
1675151,Hsinchu,TW
1678228,Keelung,TW
149437,Tukuyu,TZ
153209,Moshi,TZ
877401,Songea,TZ
702658,Luhansk,UA
704147,Kremenchuk,UA
704508,Kramatorsk,UA
707753,Horlivka,UA
712165,Bila Tserkva,UA
229278,Mbale,UG
232422,Kampala,UG
233346,Gulu,UG
235039,Arua,UG
4076598,Mobile,US
4094455,Tuscaloosa,US
4111410,Fort Smith,US
4148533,Bonita Springs,US
4149962,Cape Coral,US
4151909,Coral Springs,US
4152820,Davie,US
4153146,Deltona,US
4155966,Fort Lauderdale,US
4158476,Hialeah,US
4160983,Kissimmee,US
4164601,Miramar,US
4166274,North Port,US
4166673,Ocala,US
4167147,Orlando,US
4167499,Palm Bay,US
4168228,Pensacola,US
4169014,Pompano Beach,US
4169171,Port Saint Lucie,US
4171563,Saint Petersburg,US
4172131,Sarasota,US
4174715,Tallahassee,US
4174757,Tampa,US
4177887,West Palm Beach,US
4178552,Winter Haven,US
4221333,Sandy Springs,US
4259418,Indianapolis,US
4276873,Overland Park,US
4281730,Wichita,US
4315588,Baton Rouge,US
4330236,Lake Charles,US
4335045,New Orleans,US
4341513,Shreveport,US
4393217,Kansas City,US
4453066,Asheville,US
4467732,Gastonia,US
4470778,Hickory,US
4499612,Winston-Salem,US
4500546,Atlantic City,US
4508722,Cincinnati,US
4544349,Oklahoma City,US
4553433,Tulsa,US
4586523,Mauldin,US
4588718,Myrtle Beach,US
4589387,North Charleston,US
4597200,Spartanburg,US
4612862,Chattanooga,US
4634662,Kingsport,US
4670300,Allen,US
4683416,Corpus Christi,US
4691930,Fort Worth,US
4694482,Grand Prairie,US
4705692,League City,US
4709796,McAllen,US
4710178,McKinney,US
4718097,Pearland,US
4722625,Richardson,US
4736134,Texas City,US
4739526,Waco,US
4752031,Charlottesville,US
4776024,Newport News,US
4791259,Virginia Beach,US
4850751,Cedar Rapids,US
4886738,Cary,US
4887158,Champaign,US
4887398,Chicago,US
4898015,Joliet,US
4903279,Naperville,US
4908237,Round Lake Beach,US
4920423,Fort Wayne,US
4941873,Leominster,US
4945121,New Bedford,US
4984247,Ann Arbor,US
4986172,Birmingham,US
4990729,Detroit,US
4992982,Flint,US
4997787,Kalamazoo,US
5003132,Muskegon,US
5007989,Saginaw,US
5011148,Sterling Heights,US
5024719,Duluth,US
5044407,Saint Cloud,US
5059163,Fargo,US
5099836,Jersey City,US
5102466,Paterson,US
5109177,Binghamton,US
5110253,Bronx,US
5132143,Poughkeepsie,US
5145215,Yonkers,US
5161262,Lorain,US
5206379,Pittsburgh,US
5207069,Pottstown,US
5211303,Scranton,US
5254962,Green Bay,US
5258393,Kenosha,US
5263045,Milwaukee,US
5268249,Racine,US
5304391,Mesa,US
5308480,Peoria,US
5313457,Scottsdale,US
5316428,Surprise,US
5317058,Tempe,US
5318313,Tucson,US
5323810,Anaheim,US
5325738,Bakersfield,US
5327098,Beaumont,US
5334223,Carlsbad,US
5336899,Chula Vista,US
5339631,Corona,US
5339840,Costa Mesa,US
5341430,Daly City,US
5343858,Downey,US
5345529,El Cajon,US
5345743,El Monte,US
5346111,Elk Grove,US
5346827,Escondido,US
5350937,Fresno,US
5351515,Garden Grove,US
5352214,Gilroy,US
5356277,Hemet,US
5358705,Huntington Beach,US
5359488,Inglewood,US
5368361,Los Angeles,US
5373763,Mission Viejo,US
5373900,Modesto,US
5374732,Moreno Valley,US
5375911,Murrieta,US
5378771,Oceanside,US
5380184,Oxnard,US
5381396,Pasadena,US
5385955,Rancho Cucamonga,US
5387288,Rialto,US
5389489,Sacramento,US
5391295,Salinas,US
5391710,San Bernardino,US
5391959,San Francisco,US
5392171,San Jose,US
5392423,San Mateo,US
5392900,Santa Ana,US
5392952,Santa Barbara,US
5393049,Santa Clarita,US
5393052,Santa Cruz,US
5396003,Simi Valley,US
5401395,Temecula,US
5402405,Thousand Oaks,US
5403022,Torrance,US
5405228,Vacaville,US
5405380,Vallejo,US
5406602,Vista,US
5407933,West Covina,US
5411015,Yuba City,US
5412199,Arvada,US
5416541,Centennial,US
5417598,Colorado Springs,US
5454711,Albuquerque,US
5570160,Redding,US
5577147,Fort Collins,US
5577592,Greeley,US
5586437,Boise,US
5601933,Nampa,US
5713587,Bend,US
5725846,Eugene,US
5729485,Gresham,US
5780026,Provo,US
5780993,Salt Lake City,US
5784549,West Jordan,US
5784607,West Valley City,US
5788054,Bremerton,US
5792244,Des Moines,US
5799610,Kennewick,US
5799625,Kent,US
5801617,Longview,US
5805687,Olympia,US
5808189,Renton,US
5809844,Seattle,US
5811696,Spokane,US
5812944,Tacoma,US
5814616,Vancouver,US
5816605,Yakima,US
5856195,Honolulu,US
1512569,Tashkent,UZ
71137,Sanaa,YE
1153671,Chiang Mai,TH
515873,Oktyabrskiy,RU
695365,Rivne,UA
710741,Chernivtsi,UA
3451232,Rio Claro,BR
3467754,Campo Grande,BR
1528998,Yumen,CN
1783600,Liaoyang,CN
1783731,Zicheng,CN
1784525,Zhijiang,CN
1785574,Yuxi,CN
1786538,Yining,CN
1787228,Yangzhou,CN
1788461,Xinzhou,CN
1788520,Xinyi,CN
1790354,Xianyang,CN
1790925,Wuxi,CN
1792560,Pingxiang,CN
1793761,Fuyu,CN
1794209,Simao,CN
1794902,Shiyan,CN
1795564,Shenzhen,CN
1795819,Shashi,CN
1797352,Quanzhou,CN
1797630,Qingyuan,CN
1798424,Puyang,CN
1800629,Mianyang,CN
1800780,Meizhou,CN
1801579,Macheng,CN
1801620,Maanshan,CN
1805848,Jieshou,CN
1806483,Yancheng,CN
1808398,Hengshui,CN
1808956,Changzhi,CN
1810637,Ganzhou,CN
1810849,Fuyang,CN
1812956,Dezhou,CN
1814092,Dali,CN
1815603,Changping,CN
1815771,Changchun,CN
1817422,Baishan,CN
1916712,Anyang,CN
1917107,Xichang,CN
1919401,Huangshi,CN
1919455,Shangrao,CN
1919558,Chifeng,CN
1919676,Jinshi,CN
1919759,Nanjing,CN
1924132,Taiyuan,CN
1925004,Longxi,CN
1998338,Hancheng,CN
1998417,Xinyang,CN
2033263,Yulin,CN
2034161,Dalian,CN
2035476,Pingdingshan,CN
2035565,Nongan,CN
2036579,Jian,CN
2053185,Xian,CN
2054020,Zhenjiang,CN
6643959,Foshan,CN
6685846,Jincheng,CN
6824908,Haikou,CN
6929460,Panzhihua,CN
6957984,Yangjiang,CN
6962832,Jinxi,CN
6967189,Shuangcheng,CN
6969807,Zhoukou,CN
6999282,Luoyang,CN
7043153,Jiujiang,CN
7065656,Luohe,CN
7066460,Yiyang,CN
7069199,Wuhu,CN
7338253,Jinchang,CN
7367800,Lingyuan,CN
7407364,Dongguan,CN
7408043,Nanping,CN
7408268,Longjiang,CN
7472715,Baoshan,CN
7517826,Tongchuan,CN
7527844,Datong,CN
7636848,Huanghua,CN
7650846,Changsha,CN
7661856,Jinan,CN
7690139,Luzhou,CN
7735146,Jinhua,CN
7735170,Nanyang,CN
7739107,Heyuan,CN
7746706,Tangshan,CN
7753406,Leshan,CN
7844545,Yueyang,CN
8016735,Chaoyang,CN
3682425,Florencia,CO
3687231,Cartago,CO
3689559,Armenia,CO
2867555,Munster,DE
2923553,Furth,DE
2925181,Freiburg,DE
2928809,Essen,DE
2497411,El Oued,DZ
3651857,Sangolqui,EC
658224,Helsinki,FI
8261129,Antofagasta,CL
6693229,San Nicolas,AR
1269517,Jaipur,IN
7531766,Szczecin,PL
2636869,Stoke,GB
3589841,San Luis,GT
3596423,El Progreso,GT
1624496,Tegal,ID
1627546,Serang,ID
1631103,Pinrang,ID
1640658,Kediri,ID
7084409,Banyuwangi,ID
7378320,Raba,ID
7665509,Pasuruan,ID
7780016,Bogor,ID
8017640,Pakalongan,ID
8017911,Jayapura,ID
8018250,Surabaya,ID
8045366,Bandung,ID
8068788,Mojokerto,ID
1256053,Sirsa,IN
1258596,Rampur,IN
1260717,Pali,IN
1261257,Nizamabad,IN
1266050,Kota,IN
1275635,Bilaspur,IN
2218970,Az Zawiyah,LY
925475,Mzuzu,MW
3521482,Piedras Negras,MX
3527768,Escuintla,MX
3995794,Minatitlan,MX
4011469,Puebla,MX
4011587,Hermosillo,MX
2319480,Uyo,NG
1688844,San Pablo,PH
1691442,Roxas,PH
1698840,Naga,PH
1716192,Dagupan,PH
1722186,Butuan,PH
1729580,Bacolod,PH
3090104,Olsztyn,PL
3437547,Pedro Juan Caballero,PY
7062967,Nyanza,RW
109436,Al Jubayl,SA
2408770,Freetown,SL
2244802,Thies,SN
2252309,Diourbel,SN
1667905,Taoyuan,TW
1668295,Taitung,TW
1671971,Miaoli,TW
1677112,Zhubei,TW
4099974,Austin,US
4157687,Gulfport,US
4164166,Miami Gardens,US
4171771,San Antonio,US
4183849,Boston,US
4204241,LaFayette,US
4258413,Hagerstown,US
4267354,Abilene,US
4274067,La Crosse,US
4274236,Lansing,US
4275586,Minneapolis,US
4282497,Anchorage,US
4295954,Irvine,US
4356953,Greensboro,US
4377158,Billings,US
4401659,Odessa,US
4442797,Raleigh,US
4463519,Denton,US
4481298,Murfreesboro,US
4481519,Nashville,US
4505716,Baltimore,US
4516446,Leesburg,US
4522898,Roseville,US
4532846,Chandler,US
4556349,Avondale,US
4582042,Hollywood,US
4628695,Henderson,US
4631443,Huntsville,US
4638782,Lynchburg,US
4656006,Savannah,US
4675057,Bloomington,US
4701346,Johnson City,US
4716696,Omaha,US
4722242,Reno,US
4726311,San Diego,US
4727022,Santa Fe,US
4735013,Sunnyvale,US
4760363,Gainesville,US
4801966,Chesapeake,US
4851846,Clarksville,US
4868498,Nashua,US
4869386,Norwalk,US
4869780,Ogden,US
4883393,Antioch,US
4884562,Berkeley,US
4890813,El Paso,US
4891240,Erie,US
4898734,Knoxville,US
4906143,Plano,US
4912583,Stockton,US
4916740,Wilmington,US
4925483,Roanoke,US
4927264,Topeka,US
4930266,Bellingham,US
4955247,Westminster,US
4960682,Charleston,US
4977372,Saint George,US
4984500,Atlanta,US
4988584,Charlotte,US
4989442,Concord,US
5003384,New Haven,US
5006314,Portland,US
5006848,Reading,US
5008414,Saint Louis,US
5010548,South Lyon,US
5016496,Appleton,US
5021527,Clearwater,US
5027943,Gilbert,US
5028537,Grand Rapids,US
5035199,Little Rock,US
5050847,Tyler,US
5077237,Saint Paul,US
5082331,York,US
5085222,Danbury,US
5086383,Fremont,US
5095133,Allentown,US
5098787,Hampton,US
5116968,Fayetteville,US
5123872,Lakeland,US
5123929,Lakewood,US
5128639,Newark,US
5128862,Norfolk,US
5129359,Norwich,US
5131095,Philadelphia,US
5131894,Pomona,US
5134115,Rock Hill,US
5136107,Salisbury,US
5139428,Stamford,US
5145094,Worcester,US
5145282,Youngstown,US
5149327,Carrollton,US
5157759,Holland,US
5160635,Lexington,US
5161347,Louisville,US
5161567,Madison,US
5165695,Orange,US
5168451,Rockford,US
5174913,Utica,US
5186794,Denver,US
5188960,Everett,US
5190438,Fredericksburg,US
5190679,Fullerton,US
5201752,Montgomery,US
5204168,Oakland,US
5204944,Palmdale,US
5208462,Riverside,US
5215325,Temple,US
5218069,Washington,US
5225919,Alexandria,US
5226716,Canton,US
5233315,Arlington,US
5235519,Dover,US
5242565,Waterbury,US
5243653,Albany,US
5244312,Athens,US
5244365,Augusta,US
5246849,Brooklyn,US
5248933,Cleveland,US
5253369,Fontana,US
5255628,Hartford,US
5255882,Hayward,US
5256376,Hillsboro,US
5259448,Lancaster,US
5262475,Medford,US
5277989,Waterloo,US
5338800,Columbia,US
5370984,Marysville,US
5402388,Thornton,US
5421001,Elizabeth,US
5422503,Frisco,US
5423075,Glendale,US
5433349,Olathe,US
5440032,Springfield,US
5445338,Elkhart,US
5446613,Syracuse,US
5475433,Las Vegas,US
5476526,Logan,US
5479038,Mesquite,US
5490338,Santa Rosa,US
5526145,Memphis,US
5526233,Miami,US
5531548,Sparks,US
5534620,Aurora,US
5540810,Huntington,US
5543360,Monroe,US
5546441,Santa Clara,US
5555097,Salem,US
5564488,Greenville,US
5574199,Akron,US
5577217,Frederick,US
5583657,Yuma,US
5585265,Bellevue,US
5592697,Fairfield,US
5641473,Boulder,US
5664535,Manhattan,US
5690162,Lincoln,US
5694019,Cambridge,US
5700168,Trenton,US
5716061,Brownsville,US
5722064,Dallas,US
5724406,Durham,US
5725293,Elgin,US
5730389,Harrisburg,US
5732763,Independence,US
5733409,Jacksonville,US
5735609,Lafayette,US
5738222,Lowell,US
5744166,Ontario,US
5745656,Phoenix,US
5750984,Seaside,US
5757007,Toledo,US
5759261,Warren,US
5763144,Buffalo,US
5775081,Garland,US
5780020,Providence,US
5780388,Richmond,US
5788111,Bridgeport,US
5788497,Burbank,US
5788539,Burlington,US
5789949,Chico,US
5791805,Davenport,US
5800840,Lewisville,US
5801520,Long Beach,US
5802247,Manchester,US
5803357,Midland,US
5808524,Rochester,US
5811211,South Bend,US
5824810,Evansville,US
5828648,Jackson,US
5864312,Houston,US
6332120,Columbus,US
6545140,Dayton,US
7172786,High Point,US
3440939,Punta del Este,UY
71334,Sadah,YE
7116850,Potsdam,DE
1851099,Takamatsu,JP
1853908,Osaka,JP
2127436,Yokohama,JP
2950158,Berlin,DE
